Mutation Type,Trinucleotide,Sample1,Sample2,Sample3,Sample4,Sample5,Sample6,Sample7,Sample8,Sample9,Sample10,Sample11,Sample12,Sample13,Sample14,Sample15,Sample16,Sample17,Sample18,Sample19,Sample20,Sample21,Sample22,Sample23,Sample24,Sample25,Sample26,Sample27,Sample28,Sample29,Sample30,Sample31,Sample32,Sample33,Sample34,Sample35,Sample36,Sample37,Sample38,Sample39,Sample40,Sample41,Sample42,Sample43,Sample44,Sample45,Sample46,Sample47,Sample48,Sample49,Sample50,Sample51,Sample52,Sample53,Sample54,Sample55,Sample56,Sample57,Sample58,Sample59,Sample60,Sample61,Sample62,Sample63,Sample64,Sample65,Sample66,Sample67,Sample68,Sample69,Sample70,Sample71,Sample72,Sample73,Sample74,Sample75,Sample76,Sample77,Sample78,Sample79,Sample80,Sample81,Sample82,Sample83,Sample84,Sample85,Sample86,Sample87,Sample88,Sample89,Sample90,Sample91,Sample92,Sample93,Sample94,Sample95,Sample96,Sample97,Sample98,Sample99,Sample100
C>A,ACC,30,23,28,27,21,29,24,30,27,27,21,29,27,26,26,28,29,25,25,32,25,27,29,23,25,23,27,26,32,25,23,33,33,28,27,25,29,33,25,26,30,29,20,24,26,28,29,28,26,27,26,27,30,25,31,26,30,31,23,24,27,28,27,25,23,28,32,29,23,26,29,26,27,28,26,29,25,24,27,29,27,25,25,23,24,28,23,32,24,31,27,24,30,24,28,25,27,21,27,26
C>A,GCA,7,3,5,4,2,5,8,8,6,6,6,2,5,4,7,6,6,6,5,6,3,4,7,6,5,4,5,3,7,5,4,5,5,5,5,4,8,4,2,4,6,4,1,2,2,7,4,8,9,4,5,7,8,5,6,5,6,5,5,7,5,7,4,3,2,6,8,7,4,4,4,7,4,7,5,5,6,7,5,2,4,5,3,4,8,6,3,7,7,7,6,4,6,6,6,5,6,4,3,3
C>A,ACA,75,78,80,80,72,81,79,80,77,77,75,78,76,78,75,81,79,73,76,80,75,78,75,78,77,74,76,76,76,78,74,80,78,75,74,75,79,77,76,79,79,79,75,75,76,76,79,77,78,77,79,79,81,80,76,77,77,78,75,79,76,81,76,78,78,80,78,76,80,77,80,78,75,78,78,78,79,75,75,80,80,78,77,78,75,79,79,79,77,78,78,77,74,73,76,80,76,74,77,78
C>A,ACG,9,9,9,9,9,9,9,9,9,9,9,9,9,9,9,9,9,9,9,9,9,9,9,9,9,9,9,9,9,9,9,9,9,9,9,9,9,9,9,9,9,9,9,9,9,9,9,9,9,9,9,9,9,9,9,9,9,9,9,9,9,9,9,9,9,9,9,9,9,9,9,9,9,9,9,9,9,9,9,9,9,9,9,9,9,9,9,9,9,9,9,9,9,9,9,9,9,9,9,9
C>A,GCG,9,7,7,6,8,9,6,8,8,9,6,9,7,7,9,7,7,8,9,9,8,8,7,8,7,6,7,9,9,8,8,8,8,9,7,9,9,8,9,8,9,9,6,9,7,9,8,8,9,9,7,7,6,5,8,8,7,8,7,7,8,7,6,6,8,8,8,9,4,7,9,7,7,7,8,8,8,7,8,8,9,7,9,8,8,7,7,9,8,9,8,6,9,8,9,8,8,8,7,7
C>A,CCT,27,24,26,25,28,26,23,27,26,26,25,25,26,27,27,23,26,27,27,25,29,26,28,26,27,26,26,25,26,26,25,28,25,25,25,25,27,25,27,27,26,25,24,27,27,27,26,29,25,26,26,25,26,24,29,24,26,26,27,25,25,26,25,26,24,28,26,27,25,26,26,26,26,26,27,27,26,24,27,25,25,27,27,24,26,27,23,26,27,25,27,24,27,27,27,25,27,28,27,24
C>A,TCT,9,9,9,9,9,9,9,9,9,9,9,9,9,9,9,9,9,9,9,9,9,9,9,9,9,9,9,9,9,9,9,9,9,9,9,9,9,9,9,9,9,9,9,9,9,9,9,9,9,9,9,9,9,9,9,9,9,9,9,9,9,9,9,9,9,9,9,9,9,9,9,9,9,9,9,9,9,9,9,9,9,9,9,9,9,9,9,9,9,9,9,9,9,9,9,9,9,9,9,9
C>A,GCC,18,18,18,18,18,18,18,18,18,18,18,18,18,18,18,18,18,18,18,18,18,18,18,18,18,18,18,18,18,18,18,18,18,18,18,18,18,18,18,18,18,18,18,18,18,18,18,18,18,18,18,18,18,18,18,18,18,18,18,18,18,18,18,18,18,18,18,18,18,18,18,18,18,18,18,18,18,18,18,18,18,18,18,18,18,18,18,18,18,18,18,18,18,18,18,18,18,18,18,18
C>A,GCT,18,18,18,18,18,18,18,18,18,18,18,18,18,18,18,18,18,18,18,18,18,18,18,18,18,18,18,18,18,18,18,18,18,18,18,18,18,18,18,18,18,18,18,18,18,18,18,18,18,18,18,18,18,18,18,17,18,18,18,18,18,18,18,18,18,18,18,18,18,18,18,18,18,18,18,18,18,18,18,18,18,18,18,18,18,18,18,18,18,18,18,18,18,18,18,18,18,18,18,18
C>A,ACT,16,15,16,15,18,17,14,15,15,16,16,15,17,16,18,16,16,16,17,15,18,16,16,15,17,14,16,16,16,17,13,16,18,17,15,16,17,19,18,16,17,17,15,16,15,17,15,17,17,17,15,16,15,13,16,16,16,16,13,15,15,17,15,13,15,16,14,17,14,16,17,16,15,16,15,16,14,15,14,16,17,17,17,18,16,16,16,18,15,17,18,15,18,14,17,16,13,15,17,15
C>A,TCG,0,0,0,0,0,0,0,0,0,0,0,0,0,0,0,0,0,0,0,0,0,0,0,0,0,0,0,0,0,0,0,0,0,0,0,0,0,0,0,0,0,0,0,0,0,0,0,0,0,0,0,0,0,0,0,0,0,0,0,0,0,0,0,0,0,0,0,0,0,0,0,0,0,0,0,0,0,0,0,0,0,0,0,0,0,0,0,0,0,0,0,0,0,0,0,0,0,0,0,0
C>A,CCG,16,16,17,14,13,16,13,15,15,17,17,17,14,16,18,15,17,15,18,14,17,14,16,13,16,14,16,17,16,14,16,13,15,16,16,14,14,17,16,17,16,12,13,15,16,13,18,17,15,16,18,18,16,16,16,16,16,13,17,12,17,18,16,15,17,14,16,17,13,16,17,12,15,14,14,16,17,15,15,16,13,16,16,17,17,19,16,15,17,15,13,16,18,16,16,16,16,16,14,15
C>A,CCA,54,55,54,58,58,52,55,51,53,56,53,51,56,54,55,55,52,52,55,56,56,54,52,57,52,54,56,55,54,53,54,55,53,56,56,54,54,52,59,55,54,48,58,54,56,52,55,56,53,52,55,56,53,53,52,54,55,55,57,55,54,54,54,54,57,55,55,58,56,57,54,54,56,56,55,54,53,56,53,54,53,55,54,58,56,53,59,53,52,53,52,56,56,55,54,55,53,59,56,55
C>A,TCC,9,9,9,9,9,9,9,9,9,9,8,9,9,9,9,9,10,9,9,9,9,9,9,9,9,9,9,9,9,9,9,9,9,9,9,9,9,9,9,9,9,9,9,9,9,9,9,9,9,9,9,10,9,9,9,9,9,9,9,9,9,9,9,9,9,9,9,9,9,9,9,9,9,9,9,9,9,9,9,9,9,9,9,9,9,9,9,9,9,9,9,9,9,9,9,9,9,9,9,9
C>A,CCC,1,4,0,1,2,1,0,2,1,0,1,1,2,1,1,2,1,4,1,1,3,1,2,3,2,2,2,0,1,2,1,3,1,1,2,2,2,0,3,3,0,2,1,2,3,1,0,1,2,2,1,2,1,0,1,2,1,2,4,1,0,2,1,0,3,2,0,1,1,2,0,1,1,3,3,1,2,0,3,1,1,2,1,2,1,2,0,0,2,0,2,2,2,3,4,2,3,5,3,1
C>A,TCA,34,41,35,38,44,40,39,38,37,38,40,37,39,38,39,36,36,39,40,36,38,37,39,38,38,38,37,41,38,40,37,36,38,38,37,39,36,38,42,41,35,37,42,38,38,38,36,40,37,37,37,35,35,36,36,39,33,38,37,39,35,35,38,39,40,38,36,39,38,41,36,38,37,35,40,38,37,40,38,35,39,39,41,38,40,38,39,36,38,38,37,37,35,41,39,40,38,40,38,37
C>G,ACC,22,25,22,23,26,21,25,21,24,22,26,22,22,24,23,22,21,24,24,20,24,22,21,25,25,25,23,23,20,23,25,19,19,22,23,24,22,20,23,23,23,21,26,24,23,22,23,22,24,23,23,23,21,23,20,23,22,20,25,24,23,23,23,24,25,22,20,21,24,23,21,23,22,22,23,21,24,25,23,21,23,24,25,26,25,23,24,20,25,20,24,24,21,24,22,24,23,25,22,23
C>G,GCA,4,6,6,5,7,4,4,2,3,4,6,7,5,5,4,4,5,5,4,4,7,6,3,5,7,5,6,6,3,4,5,5,4,6,6,6,2,5,9,5,3,5,8,7,7,5,5,2,3,5,6,4,3,4,6,4,5,5,6,4,6,2,6,6,7,3,1,3,7,7,5,4,6,3,4,5,3,3,4,7,5,5,6,6,2,5,7,2,2,2,4,5,5,5,5,4,3,8,6,6
C>G,ACA,15,12,10,10,17,9,11,10,13,12,15,12,14,12,15,9,10,16,14,10,15,12,15,12,13,16,14,14,14,12,16,10,12,14,16,15,9,13,14,11,11,11,13,15,12,14,11,12,12,13,11,11,9,10,14,13,13,12,15,10,14,9,14,12,12,10,11,12,11,13,10,12,15,12,12,12,11,15,13,10,10,11,12,12,14,11,11,11,13,12,12,13,16,17,14,10,14,16,12,12
C>G,ACG,0,0,0,0,0,0,0,0,0,0,0,0,0,0,0,0,0,0,0,0,0,0,0,0,0,0,0,0,0,0,0,0,0,0,0,0,0,0,0,0,0,0,0,0,0,0,0,0,0,0,0,0,0,0,0,0,0,0,0,0,0,0,0,0,0,0,0,0,0,0,0,0,0,0,0,0,0,0,0,0,0,0,0,0,0,0,0,0,0,0,0,0,0,0,0,0,0,0,0,0
C>G,GCG,0,2,0,0,1,0,1,1,1,0,2,0,2,0,0,0,0,1,0,0,1,1,2,0,0,2,0,0,0,0,1,0,1,1,2,1,0,1,0,1,0,0,2,0,0,0,0,1,0,0,0,1,2,3,1,1,0,0,1,0,1,0,1,1,0,0,1,0,0,0,0,2,2,2,0,1,0,1,1,0,0,1,0,1,1,0,0,0,1,0,0,1,0,1,0,0,1,0,2,1
C>G,CCT,9,12,10,11,9,10,13,9,9,10,11,11,10,10,8,13,10,9,9,11,9,11,8,10,9,11,10,11,10,10,12,8,11,10,11,11,9,11,9,9,10,11,12,9,11,9,10,9,11,10,10,11,10,12,8,12,10,10,10,11,11,10,11,10,12,8,10,9,12,11,10,10,11,10,9,9,10,12,9,11,11,9,9,11,10,10,13,10,10,10,11,12,8,9,8,11,10,8,9,12
C>G,TCT,0,0,0,0,0,0,0,0,0,0,0,0,0,0,0,0,0,0,0,0,0,0,0,0,0,0,0,0,0,0,0,0,0,0,0,0,0,0,0,0,0,0,0,0,0,0,0,0,0,0,0,0,0,0,0,0,0,0,0,0,0,0,0,0,0,0,0,0,0,0,0,0,0,0,0,0,0,0,0,0,0,0,0,0,0,0,0,0,0,0,0,0,0,0,0,0,0,0,0,0
C>G,GCC,0,0,0,0,0,0,0,0,0,0,0,0,0,0,0,0,0,0,0,0,0,0,0,0,0,0,0,0,0,0,0,0,0,0,0,0,0,0,0,0,0,0,0,0,0,0,0,0,0,0,0,0,0,0,0,0,0,0,0,0,0,0,0,0,0,0,0,0,0,0,0,0,0,0,0,0,0,0,0,0,0,0,0,0,0,0,0,0,0,0,0,0,0,0,0,0,0,0,0,0
C>G,GCT,0,0,0,0,0,0,0,0,0,0,0,0,0,0,0,0,0,0,0,0,0,0,0,0,0,0,0,0,0,0,0,0,0,0,0,0,0,0,0,0,0,0,0,0,0,0,0,0,0,0,0,0,0,0,0,0,0,0,0,0,0,0,0,0,0,0,0,0,0,0,0,0,0,0,0,0,0,0,0,0,0,0,0,0,0,0,0,0,0,0,0,0,0,0,0,0,0,0,0,0
C>G,ACT,10,10,11,12,9,10,12,12,11,10,10,11,10,11,9,11,10,10,10,12,9,10,9,11,10,11,11,10,10,10,12,11,9,10,11,11,10,9,9,11,10,10,12,11,11,10,11,9,10,10,12,11,12,12,11,11,11,11,13,12,12,10,12,11,11,11,13,10,13,11,9,11,12,11,12,10,13,12,12,11,9,10,9,9,10,10,11,9,12,9,9,12,9,12,10,11,12,12,10,11
C>G,TCG,0,0,0,0,0,0,0,0,0,0,0,0,0,0,0,0,0,0,0,0,0,0,0,0,0,0,0,0,0,0,0,0,0,0,0,0,0,0,0,0,0,0,0,0,0,0,0,0,0,0,0,0,0,0,0,0,0,0,0,0,0,0,0,0,0,0,0,0,0,0,0,0,0,0,0,0,0,0,0,0,0,0,0,0,0,0,0,0,0,0,0,0,0,0,0,0,0,0,0,0
C>G,CCG,0,2,0,2,1,0,4,0,1,1,2,0,2,1,0,2,0,0,0,3,0,2,1,3,1,4,1,0,1,1,0,1,0,1,0,1,0,0,1,0,0,4,1,0,1,3,0,0,2,0,0,0,1,1,1,1,1,2,0,2,0,0,0,2,0,2,2,0,3,0,1,2,2,2,1,0,0,2,0,0,0,1,2,0,1,0,1,1,0,1,1,1,0,0,2,1,0,0,1,1
C>G,CCA,18,17,18,15,14,19,18,21,19,15,19,20,16,16,17,18,20,20,17,17,16,17,19,16,19,17,16,18,17,18,16,18,19,16,15,18,16,20,13,17,17,23,14,17,15,20,17,16,17,19,17,16,19,19,20,17,16,17,15,16,18,18,18,18,14,17,17,16,16,15,19,18,15,14,14,18,18,16,18,18,19,17,17,14,16,19,13,19,20,19,18,17,16,15,18,16,19,15,16,16
C>G,TCC,26,27,27,27,27,27,27,27,27,27,27,27,27,27,26,27,26,26,27,27,27,27,27,27,26,27,26,27,27,27,27,27,27,26,26,27,27,27,27,27,27,27,27,27,27,27,27,27,27,27,26,26,27,27,26,27,26,27,26,27,27,27,27,27,27,27,27,27,27,27,27,27,27,27,27,27,27,27,27,27,27,27,27,27,27,27,27,27,27,27,27,27,26,26,25,27,27,26,27,27
C>G,CCC,7,5,8,8,7,8,8,6,8,7,6,8,7,8,8,6,7,5,8,8,5,7,6,6,7,6,6,9,8,6,8,6,8,8,7,7,7,8,6,6,9,6,8,7,6,6,9,8,6,7,8,6,7,8,7,7,8,7,5,7,8,6,8,9,6,7,9,6,8,7,8,7,8,5,6,8,6,9,6,8,8,6,8,7,7,6,9,9,7,9,7,6,7,6,4,7,6,4,5,8
C>G,TCA,28,22,28,25,19,23,24,25,26,25,23,26,25,25,23,27,27,24,23,27,25,26,24,25,25,25,26,22,25,23,25,26,26,26,26,24,26,25,21,22,28,25,21,25,25,25,27,24,26,25,26,28,28,26,27,24,29,25,26,24,28,28,25,25,23,25,27,24,25,23,27,25,26,28,23,24,26,23,25,27,23,24,22,25,23,25,23,27,25,25,26,26,28,22,24,23,24,23,25,26
C>T,ACC,9,10,11,11,9,9,10,9,9,9,10,9,9,10,10,11,11,10,9,11,10,10,10,12,11,10,11,9,9,10,11,10,9,9,11,9,9,9,10,11,9,10,12,9,10,10,10,9,10,11,11,10,9,11,10,10,11,10,11,11,10,10,11,10,10,9,9,9,12,10,9,9,11,9,9,9,11,10,9,11,9,9,9,9,10,9,11,9,9,11,10,11,9,10,9,10,10,10,12,10
C>T,GCA,25,27,22,24,27,26,21,26,26,25,24,26,26,26,25,24,24,25,25,24,27,26,27,25,23,27,24,27,26,27,26,25,27,24,26,26,26,27,25,26,26,25,25,27,25,25,24,23,23,26,23,24,25,24,25,27,23,26,24,24,25,26,25,26,26,24,26,25,23,24,26,26,27,26,26,27,26,23,27,25,27,25,27,24,24,25,24,26,26,27,24,24,24,26,25,25,27,24,24,26
C>T,ACA,35,35,32,32,34,36,32,36,34,35,35,36,35,34,34,32,33,32,35,31,36,34,35,36,32,33,31,35,35,33,33,34,34,32,30,34,37,36,36,34,36,36,29,36,33,36,34,34,32,35,31,33,34,31,35,32,31,32,31,34,34,33,33,34,33,35,34,36,30,34,35,34,34,34,36,35,32,33,36,33,34,34,36,35,35,31,31,35,33,36,35,31,35,35,35,34,33,32,34,33
C>T,ACG,0,0,0,0,0,0,0,0,0,0,0,0,0,0,0,0,0,0,0,0,0,0,0,0,0,0,0,0,0,0,0,0,0,0,0,0,0,0,0,0,0,0,0,0,0,0,0,0,0,0,0,0,0,0,0,0,0,0,0,0,0,0,0,0,0,0,0,0,0,0,0,0,0,0,0,0,0,0,0,0,0,0,0,0,0,0,0,0,0,0,0,0,0,0,0,0,0,0,0,0
C>T,GCG,3,0,0,2,1,0,1,0,0,1,3,1,0,1,1,1,2,1,0,1,0,1,1,2,2,2,1,0,0,1,1,3,1,1,1,1,0,1,0,1,0,0,0,0,0,0,0,1,0,1,1,1,2,0,2,0,1,0,1,2,0,0,1,1,0,3,0,0,3,1,0,0,0,0,0,0,0,3,0,0,0,3,0,1,0,3,0,1,1,1,2,1,1,1,1,1,1,1,1,0
C>T,CCT,7,7,8,8,8,7,9,9,10,9,9,7,9,7,10,8,8,8,8,9,7,6,9,8,7,8,8,8,7,9,7,7,9,10,9,8,9,8,9,9,6,8,9,8,6,9,7,6,9,8,8,8,9,9,7,9,8,9,8,9,8,9,7,9,8,9,7,6,5,8,7,9,7,8,7,8,9,7,9,9,9,8,8,9,7,8,8,8,7,9,7,9,10,9,8,8,8,9,7,7
C>T,TCT,8,7,9,9,9,8,8,9,9,9,9,7,8,7,8,9,8,8,9,8,8,8,9,9,8,7,9,7,9,7,7,8,7,7,8,8,6,6,8,9,8,9,9,8,6,9,8,8,9,8,9,7,8,7,9,6,9,9,8,9,9,8,9,9,8,7,9,9,9,9,9,9,9,9,7,9,6,7,7,9,9,8,6,9,8,8,8,8,9,8,8,9,9,9,8,7,8,8,8,9
C>T,GCC,9,9,9,9,9,9,9,9,9,9,9,9,9,9,9,9,9,9,9,9,9,9,9,9,9,9,9,9,10,9,9,9,9,9,9,9,9,9,9,9,9,9,9,9,9,9,9,9,9,9,9,9,9,9,9,9,9,9,9,9,9,9,9,9,9,9,9,9,9,9,9,9,9,9,9,9,9,9,9,9,9,9,9,9,9,9,9,9,9,9,9,9,9,9,9,9,9,9,9,9
C>T,GCT,0,0,0,0,0,0,0,0,0,0,0,0,0,0,0,0,0,0,0,0,0,0,0,0,0,0,0,0,0,0,0,0,0,0,0,0,0,0,0,0,0,0,0,0,0,0,0,0,0,0,0,0,0,0,0,0,0,0,0,0,0,0,0,0,0,0,0,0,0,0,0,0,0,0,0,0,0,0,0,0,0,0,0,0,0,0,0,0,0,0,0,0,0,0,0,0,0,0,0,0
C>T,ACT,19,17,16,16,17,17,17,18,18,18,19,18,17,16,17,17,18,18,18,16,18,19,17,18,16,19,15,18,19,18,20,17,18,17,19,16,18,17,17,18,18,18,16,17,17,17,17,19,18,16,16,16,18,17,18,18,16,17,17,17,18,15,17,19,18,17,18,18,15,17,18,17,17,18,18,17,16,18,19,17,17,17,18,18,18,17,16,17,18,19,16,16,18,19,18,16,19,17,18,17
C>T,TCG,0,0,0,0,0,0,0,0,0,0,0,0,0,0,0,0,0,0,0,0,0,0,0,0,0,0,0,0,0,0,0,0,0,0,0,0,0,0,0,0,0,0,0,0,0,0,0,0,0,0,0,0,0,0,0,0,0,0,0,0,0,0,0,0,0,0,0,0,0,0,0,0,0,0,0,0,0,0,0,0,0,0,0,0,0,0,0,0,0,0,0,0,0,0,0,0,0,0,0,0
C>T,CCG,10,9,10,11,10,11,10,11,10,9,8,10,11,10,9,10,10,12,9,10,9,10,10,11,9,9,10,10,10,11,10,12,11,10,10,12,12,10,9,10,11,11,13,11,10,10,8,10,10,11,9,9,10,9,9,10,10,11,10,11,10,9,11,10,10,11,8,10,11,11,9,11,10,11,9,11,10,10,12,11,13,10,9,10,9,8,10,11,10,11,12,10,9,11,9,10,10,11,12,10
C>T,CCA,32,34,31,29,35,35,32,34,34,34,30,38,35,33,31,31,32,31,34,30,35,32,34,33,31,34,29,35,35,34,30,32,34,32,29,35,36,34,35,35,35,36,28,38,33,36,32,34,33,38,30,31,34,31,32,35,31,33,31,34,33,32,32,36,29,34,34,34,31,35,34,35,32,35,37,34,32,34,34,32,35,36,35,32,33,33,30,36,31,36,36,30,32,34,33,34,34,28,33,33
C>T,TCC,36,36,36,36,36,36,36,36,36,36,36,36,36,36,36,36,36,36,36,36,36,36,36,36,36,36,36,36,36,36,36,36,36,36,36,36,36,36,36,36,36,36,36,36,36,36,36,36,36,36,36,36,36,36,36,36,36,36,36,36,36,36,36,36,36,36,36,36,36,36,36,36,36,36,36,36,36,36,36,36,36,36,36,36,36,36,36,36,36,36,36,36,36,36,36,36,36,36,36,36
C>T,CCC,1,0,1,0,0,0,1,1,0,2,1,0,0,0,0,1,1,0,0,0,1,1,1,0,0,1,1,0,0,1,0,0,0,0,0,0,0,1,0,0,0,1,0,0,0,2,0,0,1,0,0,1,1,1,1,0,0,0,0,1,1,1,0,0,0,0,0,2,0,0,1,1,0,1,0,0,1,0,0,0,0,1,0,0,1,1,0,0,0,0,0,1,0,0,1,0,0,0,1,0
C>T,TCA,27,27,26,27,27,27,27,26,27,27,27,27,27,27,26,27,27,26,26,27,27,26,27,26,26,25,26,27,26,27,27,28,27,26,26,26,26,27,26,26,28,27,27,26,27,27,26,27,27,26,26,27,27,28,26,26,27,27,26,27,28,26,27,27,27,27,26,27,28,26,27,26,28,26,27,28,26,27,26,28,28,26,28,27,26,27,27,27,27,27,27,27,27,26,25,27,27,26,27,27
T>A,CTT,24,27,27,27,27,27,27,26,27,27,27,26,27,25,24,27,27,24,27,25,26,25,27,24,24,27,24,26,25,26,26,26,26,23,23,27,27,27,25,26,27,26,26,26,27,27,26,27,27,26,23,26,27,27,24,26,23,27,24,27,27,26,27,26,27,26,27,26,27,27,26,26,27,27,27,27,26,25,27,27,27,27,27,24,26,27,26,27,27,27,27,26,24,23,24,26,27,24,27,26
T>A,ATG,49,50,46,45,50,49,46,46,48,49,51,49,49,49,51,47,47,49,49,46,50,49,49,50,50,48,46,48,49,51,48,47,47,48,47,50,46,47,48,49,47,50,50,51,47,49,47,47,48,47,47,46,46,49,49,48,44,47,49,47,48,44,46,49,48,47,48,47,48,49,50,48,50,48,47,48,49,48,48,44,49,50,47,49,50,49,50,47,47,48,48,48,48,49,50,49,49,51,49,48
T>A,GTC,9,9,9,9,9,9,9,9,9,9,9,9,9,8,9,9,9,9,9,9,9,9,9,9,9,9,9,9,9,9,9,9,9,9,9,9,9,9,9,9,9,9,9,9,9,9,9,9,9,9,9,9,9,9,9,9,9,9,9,9,9,9,8,9,9,9,9,9,9,9,9,9,9,9,9,9,9,9,9,9,9,9,9,9,9,9,9,9,9,9,8,9,9,9,9,9,9,9,9,9
T>A,ATC,42,41,44,41,45,42,43,41,43,41,40,44,41,42,43,42,41,43,43,43,44,41,43,44,43,40,42,45,41,42,42,42,41,40,41,40,43,43,43,43,42,41,41,44,40,40,42,43,43,43,44,42,43,41,43,44,41,44,42,41,41,37,43,41,44,40,40,40,45,41,42,43,42,42,41,45,43,41,43,45,44,43,41,43,42,43,44,44,43,43,43,43,41,43,43,44,39,42,43,44
T>A,ATA,41,42,38,38,45,39,41,38,38,41,43,41,41,41,43,37,37,41,40,36,42,41,40,45,42,45,37,43,40,42,37,38,37,40,39,43,37,34,45,40,38,42,40,43,41,41,36,43,40,41,39,37,39,39,42,38,35,38,40,41,38,37,39,41,43,40,36,40,41,39,42,40,40,42,43,41,41,43,40,40,39,40,42,41,39,38,42,40,39,38,44,41,40,42,43,41,40,45,41,41
T>A,GTG,0,0,0,0,0,0,0,0,0,0,0,0,0,0,0,0,0,0,0,0,0,0,0,0,0,0,0,0,0,0,0,0,0,0,0,0,0,0,0,0,0,0,0,0,0,0,0,0,0,0,0,0,0,0,0,0,0,0,0,0,0,0,0,0,0,0,0,0,0,0,0,0,0,0,0,0,0,0,0,0,0,0,0,0,0,0,0,0,0,0,0,0,0,0,0,0,0,0,0,0
T>A,TTT,50,49,49,49,49,50,48,51,50,50,49,51,51,49,46,50,50,50,49,50,48,48,50,48,47,47,47,48,51,50,46,49,51,47,47,49,51,50,50,48,54,50,46,48,48,51,51,51,48,50,48,50,50,47,48,51,50,51,45,49,50,50,49,50,46,49,51,50,47,49,51,49,45,49,48,50,50,51,49,50,50,47,49,50,47,51,46,51,48,52,49,48,48,46,48,48,51,47,51,48
T>A,ATT,35,29,32,34,30,32,33,34,31,32,31,33,33,31,31,33,35,33,31,36,31,32,33,30,32,31,33,30,32,31,31,36,31,33,33,31,34,32,29,32,36,31,31,29,31,32,32,32,33,32,33,34,35,31,32,30,36,34,31,31,33,37,31,31,27,33,34,34,33,32,32,33,31,32,30,32,33,34,33,33,29,33,30,29,31,32,30,34,34,34,30,34,33,31,31,31,31,32,31,30
T>A,CTG,9,9,9,9,9,8,9,9,9,9,8,9,9,9,9,9,9,8,8,9,9,9,9,9,9,9,9,10,9,9,9,9,8,9,9,9,9,9,9,9,9,9,9,9,9,9,9,8,9,9,9,10,9,9,9,9,9,9,9,9,9,9,9,9,9,9,9,9,9,8,9,9,9,9,9,9,9,9,9,9,9,9,9,9,9,9,9,9,9,9,9,9,8,9,9,9,9,9,9,9
T>A,GTT,3,1,4,4,1,4,4,1,7,3,1,0,0,3,3,4,3,3,2,3,2,5,1,2,4,2,4,1,4,2,2,3,6,2,1,3,4,3,2,0,2,4,6,3,3,3,6,2,3,2,4,6,3,5,2,1,5,2,3,4,3,4,2,2,5,3,5,5,5,3,2,2,4,4,1,0,2,3,0,4,3,7,2,5,2,1,4,0,2,1,3,2,3,2,4,3,1,4,5,4
T>A,CTA,19,18,18,18,18,18,18,18,18,19,18,18,18,19,19,18,18,19,18,18,18,18,18,19,19,18,19,18,18,19,18,18,18,19,19,18,18,18,18,18,18,19,18,18,18,18,18,18,18,18,19,18,18,19,19,20,20,18,19,18,18,18,20,18,18,18,18,18,18,18,19,18,18,18,18,19,19,18,18,18,18,18,18,18,19,18,18,18,19,19,18,18,19,19,19,18,18,19,18,18
T>A,CTC,0,0,0,0,0,0,0,0,0,0,0,0,0,0,0,0,0,0,0,0,0,0,0,0,0,0,0,0,0,0,0,0,0,0,0,0,0,0,0,0,0,0,0,0,0,0,0,0,0,0,0,0,0,0,0,0,0,0,0,0,0,0,0,0,0,0,0,0,0,0,0,0,0,0,0,0,0,0,0,0,0,0,0,0,0,0,0,0,0,0,0,0,0,0,0,0,0,0,0,0
T>A,TTC,19,17,18,18,18,18,18,18,18,18,18,18,18,18,19,18,18,18,18,18,17,18,17,18,19,18,19,18,18,18,18,17,18,19,19,18,18,18,18,18,17,18,18,17,18,18,18,18,18,18,18,18,18,18,19,18,19,18,19,18,18,18,18,18,18,18,18,18,18,18,18,18,18,19,18,17,18,17,18,18,18,18,17,17,18,18,18,18,17,18,18,18,19,19,19,18,18,19,18,18
T>A,TTA,25,23,27,26,26,24,25,23,22,27,24,27,26,30,26,26,27,27,28,25,24,26,24,24,26,28,27,25,23,24,28,27,26,26,27,24,23,22,27,26,23,22,31,27,26,23,24,27,24,25,28,24,29,29,24,28,24,24,29,29,25,24,29,23,28,24,24,27,28,27,21,24,26,27,24,25,28,27,26,25,25,27,26,28,23,25,28,26,28,23,29,30,27,28,24,27,27,28,26,25
T>A,TTG,32,31,34,34,31,32,32,34,32,31,27,33,33,31,29,34,36,29,31,35,30,32,32,28,30,31,32,31,32,32,33,35,34,32,30,32,33,34,30,33,35,32,31,29,31,32,35,32,33,31,31,35,35,32,31,32,34,34,31,33,33,35,32,31,30,33,35,32,31,31,32,32,33,33,30,33,33,32,32,32,32,32,30,29,31,31,31,33,32,34,32,33,31,29,28,32,32,28,32,31
T>A,GTA,49,48,49,50,43,44,50,46,45,47,46,46,45,49,48,49,46,46,43,47,45,48,44,47,49,44,52,47,46,48,47,48,44,48,49,42,45,45,46,48,43,43,47,45,48,42,51,46,48,45,50,48,49,51,44,45,50,47,50,46,48,49,49,46,49,47,46,47,51,46,44,46,51,45,46,45,49,43,48,49,44,48,47,44,45,46,50,46,45,46,48,51,47,45,46,47,48,51,48,49
T>C,CTT,9,9,9,9,9,9,9,9,9,9,9,9,9,9,9,9,9,9,9,9,9,9,9,9,9,9,9,10,9,9,9,9,9,9,9,9,9,9,9,9,9,9,9,9,9,9,9,9,9,9,10,9,9,9,9,9,9,9,9,9,9,9,9,9,9,9,9,9,9,9,9,9,9,9,9,9,9,9,9,9,9,9,9,9,9,9,9,9,9,9,9,9,9,9,9,9,9,9,9,9
T>C,ATG,0,0,0,1,0,0,0,1,0,0,0,0,0,0,0,0,0,0,0,0,0,0,0,0,0,0,0,0,0,0,0,0,0,0,0,0,0,0,0,0,0,0,0,0,1,0,0,0,0,0,0,0,0,0,0,0,0,0,0,0,0,0,0,0,0,0,1,0,0,0,0,0,0,0,0,0,0,0,0,0,0,0,0,0,0,0,0,0,0,0,0,0,0,0,0,0,0,0,0,0
T>C,GTC,0,0,0,0,0,0,0,0,0,0,0,0,0,0,0,0,0,0,0,0,0,0,0,0,0,0,0,0,0,0,0,0,0,0,0,0,0,0,0,0,0,0,0,0,0,0,0,0,0,0,0,0,0,0,0,0,0,0,0,0,0,0,0,0,0,0,0,0,0,0,0,0,0,0,0,0,0,0,0,0,0,0,0,0,0,0,0,0,0,0,0,0,0,0,0,0,0,0,0,0
T>C,ATC,9,10,7,11,8,10,10,10,11,10,12,6,10,9,8,11,10,9,10,9,12,10,7,9,9,12,10,9,10,11,14,9,11,10,10,10,10,11,9,9,11,8,13,11,13,10,9,7,9,9,9,10,8,11,7,10,9,9,8,13,10,13,9,9,10,9,12,10,9,10,10,10,8,11,10,8,11,9,8,8,9,11,10,9,12,11,10,8,11,12,9,9,8,7,10,8,8,10,11,8
T>C,ATA,36,39,38,38,41,38,39,39,40,39,39,38,41,39,39,40,38,38,38,34,41,38,38,40,39,40,37,41,38,39,39,38,37,38,38,40,39,41,38,40,38,38,40,41,39,41,36,38,40,41,37,39,37,37,39,38,36,38,39,39,39,39,37,41,40,37,36,41,40,41,36,39,38,36,40,41,38,38,41,36,41,42,44,39,38,39,37,39,37,40,40,37,37,40,35,40,39,39,37,39
T>C,GTG,2,0,2,4,0,0,3,0,2,0,2,1,0,2,2,3,2,2,0,3,0,3,1,1,3,3,4,0,0,0,1,3,1,3,1,0,2,0,2,1,2,5,3,1,3,1,1,1,1,0,3,2,3,2,1,2,4,1,4,5,1,1,2,0,1,4,1,1,5,2,0,1,2,1,0,0,3,3,1,2,0,1,0,1,0,0,2,1,1,2,2,3,3,2,2,3,3,2,1,2
T>C,TTT,12,10,9,9,9,9,12,11,9,10,10,9,10,10,12,11,11,14,10,10,10,9,10,11,13,9,12,9,9,10,11,10,9,11,11,9,11,10,11,9,9,10,11,9,9,9,9,9,9,9,11,10,10,9,11,9,11,10,11,10,9,9,9,10,9,12,11,10,9,9,11,9,11,12,10,11,9,9,9,10,11,10,10,9,10,10,9,9,9,9,10,9,14,12,11,9,9,11,9,9
T>C,ATT,30,33,31,33,33,30,32,30,29,32,32,30,33,30,33,30,31,32,32,30,32,31,29,33,33,33,32,31,30,31,34,28,29,31,33,32,29,29,32,31,27,31,33,33,31,29,30,29,31,31,33,31,30,33,30,31,32,30,34,32,31,30,30,33,33,32,29,29,32,33,31,31,31,30,32,31,31,31,29,31,31,30,32,31,32,31,32,28,33,30,30,33,31,33,33,32,31,33,31,34
T>C,CTG,0,0,0,0,0,1,0,0,0,0,0,0,0,0,0,0,0,1,1,0,0,0,0,0,0,0,0,0,0,0,0,0,0,0,0,0,0,0,0,0,0,0,0,0,0,0,0,1,0,0,0,0,0,0,0,0,0,0,0,0,0,0,0,0,0,0,0,0,0,0,0,0,0,0,0,0,0,0,0,0,0,0,0,0,0,0,0,0,0,0,0,0,0,0,0,0,0,0,0,0
T>C,GTT,5,8,6,10,10,6,8,8,6,8,8,6,9,10,9,6,8,6,8,7,9,5,11,7,7,7,8,8,8,9,9,6,7,7,5,10,7,7,10,8,9,5,7,5,10,8,5,7,6,5,7,5,6,7,7,8,6,8,8,7,6,6,8,8,8,9,4,3,7,9,9,6,5,7,8,9,8,7,8,6,10,3,9,5,8,8,6,8,10,7,8,9,7,5,6,6,9,7,6,9
T>C,CTA,1,2,2,3,1,1,1,2,1,1,1,1,1,1,0,1,1,1,1,2,0,4,2,1,1,2,3,3,0,1,3,2,1,2,2,0,0,0,1,1,1,0,3,1,3,1,1,1,1,0,2,3,1,4,0,2,3,1,2,2,1,3,4,3,2,1,2,1,3,1,1,1,1,1,0,2,4,1,0,2,1,3,0,1,1,1,2,1,2,0,1,4,0,2,0,1,1,2,2,2
T>C,CTC,3,0,0,1,0,1,1,1,0,1,1,1,1,1,0,0,0,0,0,0,0,0,1,0,0,1,0,2,0,0,1,0,0,1,2,0,0,0,0,1,0,0,0,0,0,0,1,0,0,0,0,2,1,1,0,0,0,0,2,1,1,3,1,0,0,1,2,0,0,1,0,1,1,1,1,0,1,1,1,1,1,0,0,1,1,0,1,0,3,0,3,0,1,1,0,0,0,1,0,1
T>C,TTC,18,18,17,17,18,19,17,18,18,18,19,18,19,18,16,18,18,17,15,16,18,17,18,17,16,18,17,17,18,19,18,17,18,18,17,18,17,18,19,18,18,19,16,18,18,17,18,18,17,18,17,18,19,18,18,19,17,18,16,17,17,18,18,18,18,18,17,17,17,15,16,16,18,16,18,18,18,16,18,18,19,18,18,18,17,17,18,18,18,18,18,18,17,17,16,18,16,17,16,17
T>C,TTA,20,19,24,24,18,22,22,23,24,21,18,24,20,21,20,23,23,19,21,27,21,22,23,20,22,19,24,21,22,20,21,25,23,20,21,20,24,24,21,21,26,22,22,19,23,23,25,21,24,23,22,23,21,20,21,23,25,23,20,22,21,21,22,23,21,21,23,23,22,23,23,22,22,20,21,23,23,22,22,25,22,20,22,21,23,24,21,25,20,24,20,23,21,20,21,23,22,20,22,21
T>C,TTG,10,9,9,9,9,9,9,9,9,9,9,9,9,10,10,9,9,11,9,9,9,9,9,9,10,9,10,9,9,9,9,9,9,10,10,9,9,9,9,9,9,9,9,10,9,9,9,9,9,9,10,9,9,10,10,10,10,9,10,9,9,9,9,9,9,9,9,9,10,9,9,9,9,9,9,9,9,9,9,9,9,9,9,9,9,9,9,9,9,9,9,9,10,10,10,9,9,10,9,9
T>C,GTA,4,1,0,0,3,0,2,0,2,0,2,1,1,1,5,0,0,3,1,0,1,0,2,1,4,2,5,1,0,1,0,1,2,3,4,0,1,0,1,1,1,0,1,1,0,2,1,1,0,0,3,1,0,0,5,1,3,0,4,2,3,0,0,1,0,0,0,0,0,0,1,0,0,1,1,0,0,1,1,1,1,0,1,1,1,0,0,2,3,0,0,0,5,3,3,3,0,3,0,1
T>G,CTT,2,0,0,0,0,0,0,1,0,0,0,1,0,2,2,0,0,2,0,2,1,2,0,3,2,0,2,0,2,1,1,1,1,3,3,0,0,0,2,1,0,1,1,1,0,0,1,0,0,1,3,1,0,0,2,1,3,0,2,0,0,1,0,1,0,1,0,1,0,0,1,1,0,0,0,0,1,2,0,0,0,0,0,3,1,0,1,0,0,0,0,1,2,3,2,1,0,2,0,1
T>G,ATG,22,22,25,26,22,23,25,24,24,22,20,23,23,23,21,24,24,23,23,26,21,22,23,22,22,23,26,24,23,20,24,25,25,24,24,22,26,25,23,23,25,21,22,21,24,21,25,24,23,25,25,25,25,22,22,24,28,25,23,24,23,27,26,23,24,25,24,24,24,23,21,23,22,23,25,24,22,24,24,28,23,21,25,23,21,22,22,25,25,24,24,24,24,23,21,23,23,21,23,24
T>G,GTC,0,0,0,0,0,0,0,0,0,0,0,0,0,0,0,0,0,0,0,0,0,0,0,0,0,0,0,0,0,0,0,0,0,0,0,0,0,0,0,0,0,0,0,0,0,0,0,0,0,0,0,0,0,0,0,0,0,0,0,0,0,0,0,0,0,0,0,0,0,0,0,0,0,0,0,0,0,0,0,0,0,0,0,0,0,0,0,0,0,0,0,0,0,0,0,0,0,0,0,0
T>G,ATC,10,11,9,11,9,10,10,10,11,11,10,9,11,11,10,11,12,10,9,11,9,10,11,9,10,12,10,9,12,11,10,10,11,11,12,12,11,10,10,10,11,11,10,10,13,10,11,10,9,9,9,11,10,12,9,10,12,10,10,10,12,14,11,9,10,13,11,11,9,11,11,10,10,10,11,9,9,12,10,9,10,10,9,11,10,10,9,10,10,9,11,9,12,9,9,10,15,11,10,10
T>G,ATA,12,11,13,13,9,15,12,15,16,13,11,13,12,12,10,15,14,11,14,16,12,12,13,9,10,8,14,11,14,10,14,15,17,12,12,11,17,18,9,12,15,12,11,10,11,13,17,10,13,12,12,14,14,12,11,14,16,15,11,11,15,15,13,12,10,13,16,14,11,14,13,13,13,11,11,13,11,10,12,13,12,13,10,12,13,14,10,14,13,15,10,10,13,11,11,11,12,6,12,12
T>G,GTG,0,0,0,0,0,0,0,0,0,0,0,0,0,0,0,0,0,0,0,0,0,0,0,0,0,0,0,0,0,0,0,0,0,0,0,0,0,0,0,0,0,0,0,0,0,0,0,0,0,0,0,0,0,0,0,0,0,0,0,0,0,0,0,0,0,0,0,0,0,0,0,0,0,0,0,0,0,0,0,0,0,0,0,0,0,0,0,0,0,0,0,0,0,0,0,0,0,0,0,0
T>G,TTT,23,22,25,25,27,22,26,20,23,22,24,20,20,24,26,24,22,23,23,23,24,25,20,21,25,25,25,24,21,22,26,24,22,27,24,23,22,22,21,23,19,22,29,24,25,22,23,20,28,25,28,25,20,27,22,24,24,22,27,27,24,24,24,21,27,20,21,24,29,25,22,24,26,23,22,22,25,23,25,25,21,23,22,25,25,22,29,23,25,20,23,27,23,23,23,26,22,26,22,25
T>G,ATT,46,52,49,47,51,49,48,47,50,49,50,49,49,50,50,48,46,48,50,45,50,49,48,51,49,50,48,51,49,50,50,45,50,48,48,51,47,49,52,49,45,51,50,52,50,49,49,49,48,49,48,46,46,50,49,51,45,47,50,50,49,45,50,50,54,47,48,46,48,49,48,48,50,49,52,48,49,47,48,48,52,48,51,52,50,49,51,47,46,48,50,47,48,50,50,49,50,49,50,51
T>G,CTG,9,9,9,9,9,9,9,9,9,9,9,9,9,9,9,9,9,9,9,9,9,9,9,9,9,9,9,8,9,9,9,9,9,9,9,9,9,9,9,9,9,9,9,9,9,9,9,9,9,9,9,8,9,9,9,9,9,9,9,9,9,9,9,9,9,9,9,9,9,9,9,9,9,9,9,9,9,9,9,9,9,9,9,9,9,9,9,9,9,9,9,9,9,9,9,9,9,9,9,9
T>G,GTT,8,8,7,5,9,9,6,9,7,8,9,10,9,6,7,7,7,8,7,8,8,8,8,8,7,8,5,10,8,8,8,8,6,8,9,6,8,9,7,9,9,8,5,8,7,8,7,9,8,10,5,7,8,7,8,9,7,8,7,8,9,9,8,8,5,7,8,9,5,7,9,9,7,8,9,9,8,8,9,7,8,7,7,8,8,9,6,10,8,9,7,7,7,8,7,8,9,6,7,6
T>G,CTA,0,0,0,0,0,0,0,0,0,0,0,0,0,0,0,0,0,0,0,1,0,0,0,0,0,0,0,0,0,0,0,0,0,0,0,0,0,1,0,0,0,0,0,0,0,0,0,0,0,0,0,0,0,0,0,0,0,0,0,0,0,1,0,0,0,0,0,0,0,0,0,0,0,0,0,0,1,0,0,1,0,0,0,0,0,0,0,0,0,0,0,0,0,0,0,0,0,0,0,0
T>G,CTC,0,0,0,0,0,0,0,0,0,0,0,0,0,0,0,0,0,0,0,0,0,0,0,0,0,0,0,0,0,0,0,0,0,0,0,0,0,0,0,0,0,0,0,0,0,0,0,0,0,0,0,0,0,0,0,0,0,0,0,0,0,0,0,0,0,0,0,0,0,0,0,0,0,0,0,0,0,0,0,0,0,0,0,0,0,0,0,0,0,0,0,0,0,0,0,0,0,0,0,0
T>G,TTC,9,10,9,9,9,9,9,9,9,9,9,9,9,9,9,9,9,10,9,9,10,9,10,9,9,9,9,9,9,9,9,10,9,9,9,9,9,9,9,9,10,9,9,10,9,9,9,9,9,9,10,9,9,9,9,9,9,9,9,9,9,9,9,9,9,9,9,9,9,9,9,9,9,9,9,10,9,10,9,9,9,9,10,10,9,9,9,9,10,9,9,9,9,9,9,9,9,9,9,9
T>G,TTA,47,48,46,46,44,48,47,49,49,45,45,45,46,42,46,46,45,45,44,47,48,46,48,48,45,43,45,47,49,47,44,45,46,46,45,48,49,50,45,46,49,50,40,44,45,49,47,45,48,47,43,48,42,42,48,44,46,48,42,43,47,48,43,45,43,46,48,45,43,45,49,48,45,45,48,46,44,44,46,46,46,44,45,42,49,47,44,45,44,48,42,40,45,44,45,45,44,43,44,46
T>G,TTG,11,14,11,11,14,13,12,11,13,14,17,12,12,13,14,11,9,13,14,10,15,13,13,17,13,14,11,14,13,13,12,10,11,11,11,13,12,11,15,12,10,13,14,15,14,13,10,13,12,14,12,10,10,12,12,12,9,11,12,12,12,10,13,13,15,11,10,13,13,13,13,13,12,12,15,12,11,13,13,13,13,13,15,15,14,13,14,12,13,11,13,12,12,14,15,13,12,15,13,13
T>G,GTA,30,33,32,31,36,37,31,35,35,33,34,34,36,32,31,32,35,33,35,33,36,33,37,34,31,36,27,34,35,33,35,34,37,31,29,39,35,36,35,33,37,39,33,35,34,37,30,33,33,34,29,33,32,30,35,35,27,34,29,34,32,33,32,35,32,34,35,34,31,35,37,35,30,36,34,36,32,36,33,32,36,33,34,36,34,35,31,36,34,35,33,29,31,34,33,33,33,28,33,31
