Mutation Type,Trinucleotide,Sample1,Sample2,Sample3,Sample4,Sample5,Sample6,Sample7,Sample8,Sample9,Sample10,Sample11,Sample12,Sample13,Sample14,Sample15,Sample16,Sample17,Sample18,Sample19,Sample20,Sample21,Sample22,Sample23,Sample24,Sample25,Sample26,Sample27,Sample28,Sample29,Sample30,Sample31,Sample32,Sample33,Sample34,Sample35,Sample36,Sample37,Sample38,Sample39,Sample40,Sample41,Sample42,Sample43,Sample44,Sample45,Sample46,Sample47,Sample48,Sample49,Sample50,Sample51,Sample52,Sample53,Sample54,Sample55,Sample56,Sample57,Sample58,Sample59,Sample60,Sample61,Sample62,Sample63
C>A,ACA,41,61,41,21,41,41,41,21,41,41,41,41,41,1,41,41,41,41,41,41,21,41,61,41,41,41,41,41,61,41,41,41,41,41,41,41,61,41,41,41,41,41,61,61,41,41,41,41,41,41,41,41,41,41,41,41,41,41,41,61,21,61,41
C>A,ACC,41,41,21,21,41,41,41,41,41,41,21,21,41,41,41,41,41,41,41,41,41,41,41,41,21,41,21,41,21,41,21,41,41,41,21,41,41,41,41,41,21,41,1,41,41,41,41,41,41,21,41,41,41,41,41,21,41,41,41,21,21,41,41
C>A,ACG,1,1,1,1,1,1,1,1,1,1,1,1,1,1,1,1,1,1,1,1,1,1,1,1,1,1,1,1,1,1,1,1,1,1,1,1,1,1,1,1,1,1,1,1,1,1,1,1,1,1,1,1,1,1,1,1,1,1,1,1,1,1,1
C>A,ACT,1,1,41,1,1,21,1,21,21,1,41,1,21,1,1,1,1,1,1,21,1,1,1,1,21,1,1,21,1,1,21,21,1,1,1,21,1,21,1,1,1,1,1,21,1,1,21,1,1,1,1,1,21,1,1,21,1,1,1,41,1,1,1
C>A,CCA,1,1,1,1,1,1,1,1,1,1,1,1,1,1,21,1,1,1,1,1,1,1,1,1,1,1,1,1,21,1,1,1,1,1,1,1,1,1,1,1,1,1,1,1,1,1,1,1,1,1,1,1,1,1,1,1,1,1,1,1,1,1,1
C>A,CCC,1,1,1,1,1,1,1,1,1,1,1,1,1,1,1,1,1,1,1,1,1,1,1,1,1,1,1,1,1,1,1,1,1,1,1,1,1,1,1,1,1,1,1,1,1,1,1,1,1,1,1,1,1,1,1,1,1,1,1,1,1,1,1
C>A,CCG,1,1,1,1,1,1,1,1,1,1,1,1,1,1,1,1,1,1,1,1,1,1,1,1,1,1,1,1,1,1,1,1,1,1,1,1,1,1,1,1,1,1,1,1,1,1,1,1,1,1,1,1,1,1,1,1,1,1,1,1,1,1,1
C>A,CCT,1,21,21,1,1,1,1,1,1,1,1,1,1,1,1,1,1,1,1,1,1,1,1,21,1,21,1,1,1,21,1,21,41,1,1,1,21,1,1,1,1,1,1,1,1,21,21,1,21,1,21,21,1,1,1,21,21,1,1,1,21,1,1
C>A,GCA,1,1,1,1,1,21,1,1,1,1,1,1,21,1,1,1,1,1,1,1,21,1,1,1,21,1,1,1,1,1,1,1,1,1,1,21,1,21,1,21,1,1,1,1,1,1,1,1,21,1,1,1,1,1,1,1,1,1,1,1,1,1,1
C>A,GCC,1,1,1,1,1,1,21,1,1,1,1,1,1,1,1,1,1,1,21,1,1,1,1,1,1,1,1,1,21,1,1,1,1,1,1,1,1,1,1,1,1,1,1,1,21,1,1,21,1,1,1,1,1,1,1,1,1,1,1,1,1,21,1
C>A,GCG,1,1,1,1,1,1,1,1,1,1,1,1,1,1,1,1,1,1,1,1,1,1,1,1,1,1,1,1,1,1,1,1,1,1,1,1,1,1,1,1,1,1,1,1,1,1,1,1,1,1,1,1,1,1,1,1,1,1,1,1,1,1,1
C>A,GCT,41,21,61,21,21,21,61,41,41,21,61,41,41,41,61,41,61,61,21,21,41,41,21,21,41,21,41,41,21,21,21,21,41,41,21,41,21,41,21,41,21,21,41,21,41,61,41,41,41,61,21,41,61,61,21,41,21,21,41,41,41,21,41
C>A,TCA,1,1,1,1,1,1,1,1,21,1,1,1,1,1,1,1,1,1,1,1,21,1,21,1,1,1,1,1,21,21,1,1,1,1,1,1,1,21,21,1,21,1,1,1,1,1,1,21,1,41,1,1,21,1,1,1,1,1,1,21,1,21,1
C>A,TCC,21,21,21,21,21,21,21,21,21,21,21,21,21,21,21,21,21,21,21,21,21,21,21,1,21,21,21,21,21,21,21,21,21,21,21,21,21,21,21,41,21,21,21,21,41,21,21,21,21,21,21,41,21,21,21,21,21,21,41,21,21,21,41
C>A,TCG,1,1,1,1,1,1,1,1,1,1,1,1,1,1,1,1,1,1,1,1,1,1,1,1,1,1,1,1,1,1,1,1,1,1,1,1,1,1,1,1,1,1,1,1,1,1,1,1,1,1,1,1,1,1,1,1,1,1,1,1,1,1,1
C>A,TCT,1,1,1,21,41,21,21,21,1,41,1,1,21,1,21,1,1,1,1,1,1,1,21,1,1,1,1,21,1,1,1,21,1,1,21,21,1,1,1,1,21,1,21,1,21,21,1,1,21,1,1,1,1,41,1,21,21,1,1,1,21,1,1
C>G,ACA,21,21,21,41,21,21,21,21,21,41,21,21,1,21,21,21,21,21,21,21,41,21,21,21,21,41,1,21,21,21,21,21,21,21,21,21,21,21,21,21,21,21,21,21,21,21,21,21,21,21,21,21,21,21,21,41,21,21,21,21,41,21,21
C>G,ACC,1,1,21,1,1,1,1,1,1,1,1,21,1,1,1,1,1,1,1,1,1,1,1,1,1,1,1,1,1,1,1,1,1,1,21,1,1,1,1,1,1,1,21,1,1,1,1,1,1,1,1,1,1,1,1,1,1,1,1,21,1,1,1
C>G,ACG,1,1,1,1,1,1,1,1,1,1,1,1,1,1,1,1,1,1,1,1,1,1,1,1,1,1,1,1,1,1,1,1,1,1,1,1,1,1,1,1,1,1,1,1,1,1,1,1,1,1,1,1,1,1,1,1,1,1,1,1,1,1,1
C>G,ACT,21,1,1,1,21,1,1,1,1,21,1,1,1,1,1,1,21,21,1,1,1,21,1,1,1,1,21,1,1,21,1,1,21,1,1,1,1,1,1,1,1,21,1,1,1,1,1,1,1,1,21,1,1,1,1,1,1,21,1,1,21,21,1
C>G,CCA,1,1,1,1,1,1,1,1,1,1,1,21,1,1,1,1,1,1,1,1,1,1,1,1,1,1,1,1,1,1,1,1,1,1,1,1,1,1,1,1,1,1,1,1,1,1,1,1,1,1,1,1,1,1,1,1,1,1,1,1,1,1,1
C>G,CCC,1,1,1,1,1,1,1,1,1,1,1,1,1,1,1,1,1,1,1,1,1,1,1,1,1,1,1,1,1,1,1,1,1,1,1,1,1,1,1,1,1,1,1,1,1,1,1,1,1,1,1,1,1,1,1,1,1,1,1,1,1,1,1
C>G,CCG,1,1,1,1,1,1,1,1,1,1,1,1,1,1,1,1,1,1,1,1,1,1,1,1,1,1,1,1,1,1,1,1,1,1,1,1,1,1,1,1,1,1,1,1,1,1,1,1,1,1,1,1,1,1,1,1,1,1,1,1,1,1,1
C>G,CCT,1,1,1,1,1,1,1,1,1,1,1,1,1,1,1,1,1,1,1,1,1,1,21,1,1,1,1,1,1,1,1,1,1,1,1,1,1,1,1,1,1,1,1,1,1,1,1,1,1,1,1,1,1,1,1,1,1,1,1,1,1,1,1
C>G,GCA,21,1,21,21,21,1,21,1,1,1,1,1,1,1,1,21,1,1,21,1,1,21,1,21,1,1,21,1,1,21,1,1,1,41,21,1,1,1,1,21,21,41,21,1,1,1,1,1,1,1,1,1,21,1,1,1,21,21,21,1,21,21,1
C>G,GCC,21,41,21,21,21,21,1,21,21,21,21,21,21,21,21,21,21,21,1,21,21,21,21,21,21,21,21,21,1,21,21,21,21,21,21,21,41,21,21,21,21,21,21,21,1,21,21,21,21,21,21,21,21,21,21,21,21,21,21,21,21,1,21
C>G,GCG,1,1,1,1,1,1,1,1,1,1,1,1,1,1,1,1,1,1,1,1,1,1,1,1,1,1,1,1,1,1,1,1,1,1,1,1,1,1,1,1,1,1,1,1,1,1,1,1,1,1,1,1,1,1,1,1,1,1,1,1,1,1,1
C>G,GCT,21,21,1,1,21,21,1,1,1,21,1,1,21,21,1,21,1,1,21,21,21,21,21,1,21,21,21,21,21,21,21,21,1,21,21,21,21,41,21,21,21,21,21,1,21,21,21,21,21,1,41,21,1,1,21,1,41,21,21,21,21,21,21
C>G,TCA,1,1,1,1,1,1,1,1,1,1,1,1,1,21,1,1,1,1,1,1,1,1,1,1,1,1,1,1,1,1,1,1,1,1,1,1,1,1,1,1,1,1,1,21,1,1,1,1,1,1,1,1,1,1,1,1,1,1,1,1,1,1,1
C>G,TCC,1,1,1,1,1,1,1,1,1,1,1,1,1,21,1,1,1,1,1,1,21,1,1,21,1,1,21,1,1,1,1,1,1,1,1,1,1,1,1,1,1,1,1,1,1,1,1,1,1,1,1,1,1,1,1,1,1,1,1,1,1,1,1
C>G,TCG,1,1,1,1,1,1,1,1,1,1,1,1,1,1,1,1,1,1,1,1,1,1,1,1,1,1,1,1,1,1,1,1,1,1,1,1,1,1,1,1,1,1,1,1,1,1,1,1,1,1,1,1,1,1,1,1,1,1,1,1,1,1,1
C>G,TCT,21,21,21,1,21,1,1,21,21,1,21,21,1,21,1,21,21,21,21,21,21,21,1,21,21,21,21,1,1,21,21,1,21,21,1,1,21,21,21,41,1,21,1,1,21,1,21,21,1,1,21,21,21,1,21,21,1,21,21,21,1,21,21
C>T,ACA,121,101,121,101,101,121,181,121,181,121,121,121,121,121,121,101,121,121,101,101,141,121,121,121,141,141,121,121,61,101,121,121,121,181,141,101,81,101,161,121,81,121,141,121,141,161,121,161,121,101,101,121,121,121,161,101,181,121,121,101,101,121,161
C>T,ACC,1,1,1,1,1,1,1,1,41,1,41,21,1,1,21,1,1,21,21,1,1,1,1,21,1,1,1,21,61,21,1,1,41,1,21,1,1,1,21,1,41,1,41,1,1,21,1,1,1,41,1,1,1,1,1,41,21,1,21,1,21,21,21
C>T,ACG,21,21,21,1,21,21,21,21,21,21,21,21,21,21,21,21,21,21,21,21,21,21,21,21,21,21,21,21,21,21,21,21,21,21,21,21,21,21,21,21,21,21,21,21,21,21,21,21,21,21,21,21,21,21,21,21,21,21,21,21,21,21,21
C>T,ACT,41,61,41,61,81,41,61,61,61,61,61,81,41,61,41,41,61,81,101,41,61,61,81,41,41,61,41,61,61,81,41,61,61,61,41,81,61,101,41,41,61,101,61,101,61,81,61,81,41,41,101,41,61,41,41,41,41,81,41,61,61,81,61
C>T,CCA,21,21,21,21,21,41,21,21,41,21,41,1,21,21,41,21,1,21,21,21,21,21,21,21,21,41,21,21,21,21,21,21,41,21,21,21,41,41,21,21,21,21,21,21,21,21,21,21,21,21,21,41,21,21,21,61,21,21,21,21,21,21,21
C>T,CCC,21,21,21,21,41,21,21,21,21,1,21,21,21,21,21,1,21,21,21,21,21,41,21,21,21,41,21,41,21,21,21,41,21,21,21,21,21,21,21,21,21,21,21,21,21,21,41,21,21,41,41,1,1,21,21,21,21,21,21,21,21,41,21
C>T,CCG,21,21,21,21,21,21,21,21,21,21,21,21,21,21,21,21,21,21,21,21,21,21,21,21,21,21,21,21,21,21,21,21,21,21,21,21,21,21,21,21,21,21,21,21,21,21,21,21,21,21,21,21,21,21,21,21,21,21,21,21,21,21,21
C>T,CCT,41,41,41,41,41,41,41,21,41,41,41,41,61,41,41,61,41,41,41,41,41,41,21,61,41,41,41,41,41,41,41,41,41,41,41,41,41,41,41,101,41,61,41,41,101,41,41,41,41,41,41,21,41,41,41,41,21,41,41,41,41,41,41
C>T,GCA,1,41,21,1,1,1,21,1,21,21,1,1,1,21,1,21,21,21,21,1,1,1,1,21,1,21,21,1,21,1,21,1,1,21,1,21,41,1,21,21,21,1,21,21,21,21,21,61,21,21,21,1,1,1,21,21,21,21,21,21,21,21,21
C>T,GCC,1,1,1,1,1,1,1,1,1,1,1,1,1,1,1,1,1,1,1,1,1,1,1,1,1,1,1,1,1,1,1,1,1,1,1,21,1,1,1,1,1,1,21,1,1,1,1,1,1,1,1,1,1,1,1,1,1,1,1,1,1,1,1
C>T,GCG,1,1,1,1,1,1,1,1,1,1,1,1,1,1,1,1,1,1,1,1,1,1,1,1,1,1,1,1,1,1,1,1,1,1,1,1,1,1,1,1,1,1,1,1,1,1,1,1,1,1,1,1,1,1,1,1,1,1,1,1,1,1,1
C>T,GCT,41,61,41,81,41,61,41,41,41,61,21,41,41,41,41,41,61,41,41,41,41,41,41,61,41,21,41,41,61,41,61,41,41,21,41,41,61,41,61,61,61,41,61,81,61,61,41,41,61,21,41,21,41,61,61,41,41,41,61,41,41,41,41
C>T,TCA,81,101,81,121,101,121,101,101,101,101,101,121,121,81,141,121,101,121,81,121,81,101,81,121,101,81,81,81,61,81,101,121,121,81,81,81,81,61,101,61,121,81,181,121,101,101,81,61,101,61,101,121,161,101,141,81,101,81,81,81,81,81,81
C>T,TCC,41,41,21,41,41,41,21,1,41,41,41,41,41,41,41,41,61,41,41,61,41,61,41,41,41,41,41,41,41,41,41,21,41,21,41,41,61,41,61,41,41,61,41,41,41,41,41,41,21,41,41,21,41,41,81,41,41,41,21,41,61,41,41
C>T,TCG,1,1,1,1,1,1,1,1,1,1,1,1,1,1,1,1,1,1,1,1,1,1,1,1,1,1,1,1,1,1,1,1,1,1,1,1,1,1,1,1,1,1,1,1,1,1,1,1,1,1,1,1,1,1,1,1,1,1,1,1,1,1,1
C>T,TCT,1,61,1,61,1,1,1,21,41,41,1,1,21,21,1,21,41,41,1,1,1,1,1,1,41,1,1,1,1,61,41,1,21,1,41,1,41,21,21,1,61,1,1,41,1,1,21,1,21,41,1,1,21,21,21,1,1,1,41,21,1,41,1
T>A,ATA,1,1,1,1,1,1,1,1,1,1,1,1,1,1,1,1,1,21,1,1,1,1,1,1,1,21,1,1,1,1,1,1,1,1,1,1,1,21,1,1,1,1,21,1,1,1,1,1,1,1,1,1,1,1,1,1,1,1,1,1,1,1,1
T>A,ATC,41,21,21,1,21,1,1,41,21,1,1,1,21,1,1,1,21,21,1,1,21,1,1,21,1,1,1,1,1,1,21,1,1,1,1,1,21,1,21,21,1,21,21,1,1,1,1,1,1,21,1,1,21,21,21,21,21,1,21,1,1,1,1
T>A,ATG,41,41,41,21,61,41,41,21,41,41,41,41,41,41,41,21,21,41,41,41,41,41,21,41,41,41,41,41,41,41,41,41,41,41,41,41,41,61,41,41,41,41,41,41,41,61,41,41,41,41,41,41,21,41,41,41,61,41,41,41,41,21,41
T>A,ATT,1,1,1,1,1,1,1,21,1,1,1,1,21,1,1,1,1,1,1,1,1,1,1,1,1,1,1,21,1,1,1,1,1,1,1,1,1,1,1,1,1,1,1,1,1,1,1,1,1,1,1,1,1,21,1,1,1,1,1,1,1,1,1
T>A,CTA,1,21,1,21,21,1,1,1,1,21,1,21,1,21,1,21,1,1,1,1,1,21,1,1,21,1,21,1,21,1,1,1,1,1,1,1,21,1,21,1,21,1,1,1,1,1,1,1,1,1,21,1,21,1,1,1,1,1,1,1,1,1,1
T>A,CTC,21,41,41,41,41,41,41,41,41,41,41,21,41,41,41,41,21,41,21,21,41,41,21,41,41,41,41,41,1,41,21,41,41,41,41,41,41,41,41,41,41,41,41,21,41,41,41,21,21,41,21,21,41,41,41,41,41,41,41,41,41,41,41
T>A,CTG,21,41,21,41,21,21,41,21,41,41,21,21,21,21,41,21,21,41,41,21,21,21,21,21,21,21,21,21,21,21,21,1,21,21,41,21,41,21,21,21,21,41,1,21,21,21,41,21,21,21,21,21,21,41,21,21,21,21,21,21,21,21,21
T>A,CTT,1,1,1,1,1,1,1,1,1,1,1,1,21,1,1,1,1,1,1,1,1,1,1,1,1,1,1,1,1,1,1,1,1,41,1,1,1,1,1,1,1,1,1,1,1,1,1,1,1,1,1,1,1,1,1,1,1,1,1,21,1,1,1
T>A,GTA,1,1,1,1,1,1,1,1,1,1,1,1,1,1,1,1,1,1,1,1,1,1,1,1,1,1,1,1,1,1,1,1,1,1,1,1,1,1,1,1,1,1,1,1,1,1,1,1,1,1,1,1,1,1,1,1,1,1,1,1,1,1,1
T>A,GTC,21,1,21,21,21,21,21,21,21,21,21,21,1,21,1,21,21,21,21,21,21,21,1,21,21,21,21,21,1,21,41,21,1,21,21,21,21,21,21,21,21,21,21,21,41,1,21,21,1,1,21,21,21,21,21,21,21,1,21,21,21,21,21
T>A,GTG,1,1,1,1,1,1,1,1,1,1,1,1,1,1,1,1,1,1,1,1,1,1,1,1,1,1,1,1,1,1,1,1,1,1,1,1,1,1,1,1,1,1,1,1,1,1,1,1,1,1,1,1,1,1,1,1,1,1,1,1,1,1,1
T>A,GTT,21,1,1,1,1,1,1,1,21,1,1,21,1,1,1,1,1,1,21,1,1,1,1,1,1,1,1,1,1,1,1,1,1,21,1,1,1,1,1,1,1,1,1,1,21,1,1,1,1,21,1,1,1,1,1,1,1,1,1,1,1,1,1
T>A,TTA,21,21,1,41,21,21,21,41,21,21,21,21,21,21,21,21,21,21,21,21,1,21,21,21,21,21,21,21,21,21,21,21,21,21,21,21,21,21,21,21,21,41,21,41,21,21,21,21,21,21,21,21,21,21,21,21,21,21,1,21,21,21,21
T>A,TTC,21,21,21,1,21,21,41,21,21,21,41,21,41,21,41,21,21,21,41,21,21,21,21,21,41,41,41,21,21,21,61,21,21,41,21,41,21,21,21,21,21,21,41,41,41,21,41,41,21,1,41,1,41,41,21,61,21,21,21,61,61,21,41
T>A,TTG,1,1,1,21,1,1,1,1,1,1,1,1,1,1,1,1,1,1,1,1,1,1,1,1,1,1,1,1,1,1,1,1,1,1,1,1,1,1,1,1,1,1,1,1,1,1,1,1,1,1,1,1,1,1,1,1,1,1,1,1,1,1,1
T>A,TTT,1,1,1,21,1,1,1,1,1,1,1,1,1,1,21,1,1,1,1,1,21,1,1,1,1,21,1,1,41,1,21,1,1,1,21,1,1,1,1,1,1,1,1,1,1,1,1,1,1,21,1,1,1,1,1,1,1,1,1,1,1,1,1
T>C,ATA,81,81,61,101,81,81,101,121,61,81,61,81,61,81,61,121,101,41,81,81,101,81,61,61,101,41,81,81,61,101,101,81,101,81,101,101,81,61,81,61,61,81,61,101,101,81,81,101,81,81,61,121,101,101,81,81,61,81,61,81,81,81,81
T>C,ATC,41,81,81,101,41,61,61,101,101,81,61,141,61,41,61,61,41,101,61,61,41,41,101,81,61,61,101,41,61,61,81,81,41,81,41,61,81,61,81,41,81,41,81,41,61,81,81,61,101,61,61,41,101,81,41,41,81,41,61,61,61,61,61
T>C,ATG,21,41,21,21,21,21,41,21,21,21,41,41,21,21,1,21,21,21,21,21,21,21,81,21,21,21,21,21,21,21,21,21,21,41,21,1,41,1,61,21,21,21,1,41,41,21,21,41,41,21,41,21,21,21,21,1,21,21,41,41,21,21,41
T>C,ATT,141,101,121,121,141,141,101,61,101,141,61,121,61,141,101,81,121,141,81,121,141,121,121,81,121,121,121,81,101,101,101,121,101,81,121,141,101,101,101,101,141,101,81,121,141,121,121,81,121,121,121,101,121,81,61,101,81,61,101,101,121,141,101
T>C,CTA,41,61,61,41,41,81,81,81,61,41,61,61,61,21,61,81,41,61,61,81,81,41,41,61,61,61,61,61,81,61,61,81,61,61,61,41,61,61,81,41,61,61,41,41,61,61,61,61,61,61,41,61,41,81,61,61,61,61,81,61,41,61,61
T>C,CTC,61,81,81,61,41,41,61,61,61,41,41,81,61,61,61,81,61,61,81,61,81,61,81,61,61,61,61,41,61,61,61,61,61,61,61,61,81,61,81,61,61,61,61,81,81,61,61,61,61,61,61,61,61,61,41,61,61,61,61,41,61,61,61
T>C,CTG,1,1,1,1,1,1,1,1,21,1,1,1,1,1,1,1,1,1,1,1,1,1,1,1,1,1,21,1,1,1,1,1,1,1,1,1,1,1,1,1,21,1,1,21,1,21,1,1,1,1,1,1,1,1,1,1,1,1,1,1,1,1,1
T>C,CTT,1,1,1,1,1,1,1,21,21,1,1,1,21,1,1,1,21,1,1,1,1,1,21,1,1,21,1,21,21,1,1,21,1,21,1,1,1,1,1,21,21,1,1,21,1,21,1,1,1,21,1,1,1,1,1,21,1,1,1,1,21,1,1
T>C,GTA,1,1,1,21,1,21,1,41,1,1,41,1,1,1,1,1,1,21,1,21,1,21,1,1,1,1,1,1,1,1,1,1,21,1,1,1,1,21,21,1,1,21,21,1,1,1,1,21,1,21,21,21,41,21,1,1,1,21,1,21,1,1,1
T>C,GTC,21,41,41,21,21,21,41,21,21,21,41,21,21,1,21,21,21,21,1,21,21,41,21,21,21,21,21,21,21,21,21,21,21,41,21,21,41,21,41,21,41,21,21,21,41,21,21,41,21,21,21,41,21,21,21,21,41,21,21,21,21,21,41
T>C,GTG,41,41,21,41,41,41,41,41,41,41,41,41,41,61,41,41,41,41,41,41,41,41,41,41,41,41,41,21,41,41,41,41,41,41,41,41,41,41,41,41,41,41,41,41,41,41,41,41,41,41,41,41,41,41,41,41,41,41,41,41,41,41,41
T>C,GTT,21,21,1,1,1,1,1,1,1,1,1,1,21,21,1,1,21,1,1,1,1,1,1,1,21,21,1,1,1,1,1,1,1,1,1,1,21,1,1,1,1,1,1,1,1,1,1,1,1,1,1,1,1,1,1,1,1,1,1,21,1,1,1
T>C,TTA,41,61,61,41,41,81,81,41,41,81,41,21,21,61,101,41,61,21,61,61,61,61,61,41,101,61,61,81,21,61,41,101,41,61,61,81,61,81,81,41,61,61,1,41,81,81,61,61,41,61,81,61,61,41,41,61,81,61,41,81,61,61,61
T>C,TTC,1,1,1,21,1,1,1,41,1,1,1,21,21,21,1,21,21,1,21,1,1,21,1,1,1,1,1,41,41,1,1,1,41,1,1,1,1,41,1,21,21,1,1,1,1,1,1,1,21,1,21,21,1,21,21,1,61,1,41,1,1,1,1
T>C,TTG,1,1,1,1,1,1,1,21,1,1,1,1,1,1,1,1,1,1,1,1,1,1,1,1,1,1,1,1,1,41,1,1,21,1,21,1,1,1,1,1,1,1,1,1,1,1,1,1,1,1,1,1,1,1,1,1,1,1,1,1,1,1,1
T>C,TTT,21,21,21,1,1,1,21,1,21,1,21,21,1,21,1,1,61,1,1,1,1,1,21,1,1,1,21,1,21,1,41,1,41,1,21,21,21,1,1,21,1,1,21,1,21,1,21,1,1,1,1,1,21,1,1,1,1,1,1,21,1,1,1
T>G,ATA,1,1,1,1,1,1,1,1,1,1,1,1,1,1,1,1,1,1,1,1,1,1,1,1,1,1,1,1,1,1,1,1,1,1,1,1,1,1,1,1,1,1,1,1,1,1,1,1,1,1,1,1,1,1,1,1,1,1,1,1,1,1,1
T>G,ATC,1,1,21,41,21,41,41,1,21,41,41,41,21,41,41,41,21,21,41,41,21,41,21,41,41,41,41,41,61,41,21,41,41,41,41,41,1,41,21,21,41,21,21,21,41,41,41,41,41,21,41,41,21,21,21,21,21,41,21,21,41,41,41
T>G,ATG,21,1,1,1,1,1,1,1,1,1,1,1,1,1,1,1,1,1,1,1,1,1,1,1,1,1,1,1,1,1,1,1,1,1,1,1,1,1,1,1,1,1,1,1,1,1,1,1,1,1,1,1,1,1,1,21,1,1,1,1,1,1,1
T>G,ATT,1,1,1,1,1,1,1,1,1,1,1,1,1,1,1,1,1,1,1,1,1,1,1,1,1,1,1,1,1,1,1,1,1,1,1,1,1,1,1,1,1,1,1,1,1,1,1,1,1,1,1,1,1,1,1,1,1,1,1,1,1,1,1
T>G,CTA,1,1,1,1,1,1,1,1,1,1,1,1,1,1,1,1,1,1,1,1,1,1,1,1,1,1,1,1,1,1,1,1,1,1,1,1,1,1,1,1,1,1,1,1,1,1,1,1,1,1,1,1,1,1,1,1,1,1,1,1,1,1,1
T>G,CTC,21,1,1,1,1,1,1,1,1,1,1,1,1,1,1,1,1,1,1,21,1,1,1,1,21,1,1,1,21,1,21,1,1,1,1,1,1,1,1,1,1,1,1,1,1,1,1,1,1,1,1,21,1,1,1,1,1,1,1,1,1,1,1
T>G,CTG,1,1,1,1,1,1,21,1,1,1,21,21,1,1,1,1,1,1,21,1,1,1,1,1,1,1,1,1,1,21,21,41,1,1,21,1,1,21,1,1,1,1,1,1,21,1,1,1,21,1,1,1,21,1,21,21,1,1,1,1,1,1,1
T>G,CTT,1,1,1,1,1,1,1,1,1,1,1,1,1,1,1,1,1,1,1,1,1,1,1,1,1,1,1,1,1,1,1,1,1,1,1,1,1,1,1,1,1,1,1,1,1,1,1,1,1,1,21,1,1,1,1,1,1,1,1,1,1,1,1
T>G,GTA,1,1,1,1,1,1,1,1,1,1,1,1,1,1,1,1,1,1,1,1,1,1,1,1,1,1,1,1,1,1,1,1,1,1,1,1,1,1,1,1,1,1,1,1,1,1,1,1,1,1,1,1,1,1,1,1,1,1,1,1,1,1,1
T>G,GTC,1,1,1,1,1,1,1,1,1,1,1,1,1,21,1,1,1,1,21,1,1,1,1,1,1,1,1,1,1,1,1,21,1,1,1,1,1,1,1,1,1,1,1,1,1,1,1,1,1,21,1,1,1,1,1,1,1,21,1,1,1,1,1
T>G,GTG,1,1,1,1,1,1,1,1,1,1,1,1,1,1,1,1,1,1,1,1,1,1,1,1,1,1,1,1,1,1,1,1,1,1,1,1,1,1,1,1,1,1,1,1,1,1,1,1,1,1,1,1,1,1,1,1,1,1,1,1,1,1,1
T>G,GTT,1,1,1,1,1,1,1,1,1,1,1,1,1,1,1,1,1,1,1,1,21,1,1,1,1,1,1,1,1,1,1,1,1,1,21,1,1,21,1,1,1,1,1,1,1,1,1,1,1,1,1,1,1,1,1,1,1,1,1,1,1,1,1
T>G,TTA,1,1,1,1,1,1,1,1,1,1,1,1,1,1,1,1,1,1,1,1,21,1,1,1,1,1,1,1,1,1,1,1,1,1,1,1,1,1,1,21,21,1,1,1,1,1,1,1,1,1,1,1,1,1,1,1,1,1,21,21,1,1,1
T>G,TTC,21,1,1,1,1,21,1,1,1,1,1,1,1,1,1,1,21,1,1,21,1,1,1,1,21,1,1,21,1,21,1,21,1,1,1,1,1,21,1,21,21,1,1,21,1,21,1,1,1,1,1,21,1,1,1,1,1,1,1,1,1,1,1
T>G,TTG,1,1,1,1,1,1,1,1,1,1,1,1,1,1,1,1,1,1,1,1,1,1,1,1,1,1,1,1,1,1,1,1,1,1,1,1,1,1,1,1,1,1,1,1,1,1,1,1,1,1,1,1,1,1,1,1,1,1,1,1,1,1,1
T>G,TTT,1,1,1,1,1,1,1,1,1,1,1,1,21,1,1,1,1,1,1,1,1,1,1,1,1,1,1,1,1,1,1,1,1,1,1,1,1,1,1,21,1,1,1,1,1,1,1,1,1,1,1,1,1,1,1,1,1,1,1,1,1,1,1
